Make,Model,Color,Price
Mercedes-Benz,1998,Indigo,2.99
Maserati,1984,Turquoise,179.99
Lamborghini,2004,Khaki,2.49
Chevrolet,2004,Green,24.99
,1996,,2.69
,1979,Red,3.49
BMW,,Red,6.49
Pontiac,1993,Turquoise,
Austin,1959,Orange,
,2001,Green,89.99
Dodge,2010,Turquoise,14.99
Mitsubishi,2003,,15.99
Mazda,1992,Goldenrod,
Dodge,2003,Red,14.99
Toyota,1992,Turquoise,
Cadillac,,Khaki,59.99
Maybach,2007,Pink,4.49
Scion,2013,,
Mercury,1969,Khaki,5.99
Pontiac,2002,Fuscia,19.99
Isuzu,1995,Maroon,5.99
,2010,Pink,5.99
Morgan,2009,Red,59.99
Cadillac,1999,Yellow,
Chevrolet,1995,,1.99
Dodge,1984,Green,49.99
Infiniti,2012,Aquamarine,
Lincoln,1991,Puce,9.99
Chevrolet,2009,Goldenrod,5.89
Mercury,1999,Red,3.49
GMC,2004,Puce,89.99
,2010,Red,2.99
Subaru,2011,Puce,3.29
,,,9.99
Jeep,2009,Aquamarine,49.99
Kia,2004,Orange,3.99
Chrysler,1995,,18.99
Pontiac,1966,Mauv,3.59
Subaru,,Orange,4.29
GMC,2007,,3.99
Toyota,2000,Pink,
BMW,1989,Yellow,8.99
Suzuki,2007,,3.99
Jaguar,2008,,
Chevrolet,1994,Khaki,
Pontiac,1984,Aquamarine,7.99
Nissan,2011,Khaki,3.49
Audi,2009,Pink,2.49
GMC,1993,Teal,9.99
,1995,,3.49
Ford,2007,,14.99
MINI,2010,Purple,29.99
Jensen,,Orange,19.99
Volkswagen,2008,Goldenrod,29.99
Porsche,1995,,
,1990,Indigo,39.99
Nissan,2005,Blue,3.99
Honda,1995,Teal,29.99
Volkswagen,,Fuscia,24.99
Toyota,2009,Maroon,29.99
Chrysler,2009,Goldenrod,2.49
Ford,1996,,14.99
GMC,1993,Mauv,
Volvo,2008,Yellow,89.99
Infiniti,1992,,6.49
Chevrolet,1968,,8.49
Toyota,,Orange,
GMC,1998,Khaki,29.99
Mitsubishi,1993,,15.99
Land Rover,,Blue,29.99
Chevrolet,2004,Turquoise,29.99
Mercedes-Benz,1998,Khaki,
Lamborghini,1988,Purple,
,1998,,69.99
Mazda,1988,Green,1.29
Chevrolet,1992,Puce,17.99
Suzuki,1999,Maroon,2.49
Chevrolet,2002,Red,14.99
Porsche,1988,Maroon,2.49
Toyota,2005,Goldenrod,12.99
GMC,1996,Yellow,149.99
Lexus,1994,Puce,15.99
Volkswagen,2011,Fuscia,17.99
GMC,1993,Khaki,59.99
Volkswagen,,Puce,19.99
,2002,Teal,10.99
Ford,1998,,15.99
Pontiac,2003,Maroon,24.99
Scion,,Teal,
Volvo,1993,Khaki,24.99
GMC,2010,Puce,4.29
,1993,Orange,
Audi,1998,Green,5.49
Nissan,2007,,4.49
Maserati,1990,Crimson,22.99
Cadillac,1992,Orange,2.99
Maserati,2011,Aquamarine,3.99
Audi,1991,,29.99
Toyota,2004,Crimson,24.99
Ford,2007,Blue,12.99
Audi,2009,,
Buick,1991,Pink,2.99
Lamborghini,2000,Orange,15.99
Chevrolet,2008,,
Ford,2005,Maroon,6.49
Chevrolet,1982,,
GMC,2003,Crimson,29.99
Toyota,2000,Aquamarine,
,2003,,14.99
Hyundai,1992,Turquoise,45.99
Honda,1983,Violet,12.99
,1994,,79.99
BMW,2006,Khaki,399.99
Dodge,2003,Pink,24.99
Nissan,1991,Mauv,1.99
,2002,Mauv,49.99
,1994,,3.29
Volvo,2005,Puce,49.99
Hummer,2009,Crimson,2.79
BMW,,,2.99
Ford,1997,Teal,3.49
Honda,2008,Red,3.29
Dodge,1992,Mauv,299.99
GMC,2000,,1.39
Jaguar,1993,Turquoise,49.99
Plymouth,1994,Khaki,
Pontiac,1991,,3.49
Jeep,1996,Goldenrod,5.99
Hyundai,2011,Khaki,39.99
Isuzu,2004,Mauv,1.99
Land Rover,2007,Mauv,4.29
Chevrolet,2003,Crimson,19.99
Audi,2003,Yellow,9.99
,2008,Violet,3.29
Dodge,2006,Crimson,34.99
GMC,,Teal,129.99
Mitsubishi,1987,Indigo,3.99
Chrysler,2010,Maroon,
Ford,2007,,2.49
Nissan,1993,Teal,
BMW,1998,Khaki,89.99
Ford,1979,Teal,3.59
GMC,2005,,5.99
GMC,1997,Puce,24.99
Ford,1974,Purple,39.99
Dodge,,Mauv,
Chrysler,1996,,
Honda,2001,Blue,5.49
Dodge,2000,,29.99
Acura,2012,Puce,69.99
,2001,Yellow,3.89
Ford,1994,,
Land Rover,2009,Crimson,
Buick,1987,Yellow,29.99
Subaru,2008,Turquoise,249.99
,2003,Turquoise,22.99
Nissan,2000,Red,
Mercury,2011,Orange,8.99
BMW,1994,Maroon,
Maserati,2003,Orange,8.99
Honda,2004,Fuscia,79.99
Subaru,1986,Crimson,
Dodge,1995,Crimson,3.99
Pontiac,2002,Goldenrod,14.99
Lexus,2006,Red,
,1992,,29.99
Chevrolet,2007,Turquoise,29.99
Pontiac,1980,Violet,2.99
Saturn,2008,,89.99
Mercedes-Benz,1990,Blue,
Ford,2012,Orange,39.99
Lexus,1998,,5.49
Audi,2010,Yellow,34.99
Mitsubishi,2001,Aquamarine,7.99
Saturn,2006,,4.29
Pontiac,2002,Fuscia,29.99
Acura,2000,Indigo,
Chevrolet,2006,Aquamarine,299.99
Infiniti,2003,Goldenrod,3.99
,2005,Red,49.99
Infiniti,2004,Aquamarine,1.69
Chevrolet,1995,Indigo,5.99
Suzuki,2004,Blue,14.99
Dodge,2008,Teal,
Ford,,Indigo,79.99
Isuzu,1998,Maroon,22.99
Dodge,2010,Maroon,
Eagle,1995,,39.99
Dodge,,Blue,59.99
,1984,Crimson,24.99
Mitsubishi,2005,Red,89.99
Volkswagen,1987,Goldenrod,44.99
Dodge,1998,Pink,4.99
MINI,2012,Maroon,
Audi,2000,Orange,199.99
Infiniti,2010,Turquoise,
Ford,2011,Red,
Ford,1989,Maroon,5.49
Mazda,1997,Maroon,
Buick,2008,Aquamarine,9.99
Hyundai,1998,Yellow,1.79
Suzuki,1996,,22.99
Volkswagen,1987,Violet,15.99
Porsche,2011,Aquamarine,29.99
,2012,,
Saturn,1997,Red,19.99
Saturn,,Red,4.79
Volkswagen,1990,,
,1997,Khaki,5.49
Mercedes-Benz,2011,Khaki,2.99
BMW,,Turquoise,29.99
Oldsmobile,1997,Crimson,
GMC,1998,Green,2.49
Tesla,2011,Pink,
Pontiac,1984,,19.99
Hyundai,2009,Turquoise,3.29
Chevrolet,2009,Turquoise,24.99
Nissan,2011,Crimson,5.99
,2012,Teal,79.99
Studebaker,1962,Pink,
Buick,1987,Green,14.99
Nissan,2013,Purple,2.49
Acura,2004,Goldenrod,
Acura,1997,Maroon,69.99
Mazda,1987,,129.99
Acura,2001,Goldenrod,4.09
Mitsubishi,1993,Violet,18.99
Dodge,2002,Purple,9.99
Pontiac,2003,Mauv,1.99
,2012,Fuscia,3.29
Toyota,2012,Khaki,3.29
Scion,,Khaki,
Cadillac,2010,Crimson,3.99
Mitsubishi,1990,Aquamarine,7.99
Mitsubishi,1994,,2.49
Hyundai,1999,Maroon,22.99
Chevrolet,,Khaki,5.89
Mercedes-Benz,2008,Orange,15.99
,2006,Teal,6.99
Pontiac,1978,Purple,3.99
,1997,Teal,2.99
Nissan,2012,Orange,
Buick,1984,Pink,
Chevrolet,2012,Green,3.49
Toyota,2003,,
Hyundai,2007,Green,24.99
,2012,,8.99
Acura,2008,Mauv,9.49
Pontiac,,Mauv,
Chevrolet,,Turquoise,34.99
Maserati,1990,Khaki,3.99
Honda,1998,Purple,4.99
Honda,2012,Mauv,
BMW,2012,Goldenrod,14.99
Ford,2006,,19.99
Toyota,1995,Pink,
Mercedes-Benz,2010,Teal,39.99
,1998,Mauv,4.29
BMW,,,
,2007,Mauv,24.99
GMC,2007,Indigo,
Subaru,1993,Pink,34.99
Scion,2011,,54.99
BMW,2002,Maroon,29.99
Mitsubishi,2003,,59.99
,2000,Puce,79.99
Toyota,2004,Indigo,34.99
,1998,Maroon,3.99
,2010,Green,19.99
Dodge,2010,Blue,
Ford,1985,Khaki,19.99
,2008,Aquamarine,19.99
Ford,2004,Mauv,1.99
Toyota,1996,Khaki,79.99
Audi,2011,Red,3.99
Ford,2001,Blue,4.99
Lamborghini,1985,Pink,10.99
Lincoln,1993,Khaki,4.99
Acura,2011,,2.29
Ford,1995,Pink,34.99
Porsche,1994,Aquamarine,
Chevrolet,2003,Maroon,4.99
Chevrolet,2011,Orange,9.99
Chevrolet,1992,Goldenrod,2.99
GMC,2007,Aquamarine,49.99
Ford,1995,Khaki,
Mazda,1995,Khaki,19.99
GMC,1998,Turquoise,2.29
Saturn,2005,Violet,3.49
Honda,2011,Goldenrod,2.99
BMW,2004,Goldenrod,3.79
Dodge,1994,Green,
Porsche,2007,Indigo,
,2012,Aquamarine,
Mitsubishi,1990,Yellow,39.99
Hummer,2006,Indigo,3.49
Lexus,2010,Aquamarine,3.79
Isuzu,2002,,39.99
Buick,2006,Fuscia,24.99
MINI,2006,,
Saab,2005,Red,
,1994,Green,99.99
Toyota,2010,Mauv,19.99
BMW,1994,Yellow,3.99
Volkswagen,1987,,59.99
Mercedes-Benz,1986,,
Lincoln,1989,Mauv,3.49
Chevrolet,2011,Teal,
Land Rover,1998,Aquamarine,
,1996,,2.29
Volkswagen,1999,Teal,22.99
Infiniti,2007,Teal,
Mitsubishi,1984,Khaki,1.99
Cadillac,1997,,2.89
Plymouth,1994,Yellow,3.49
Mazda,2001,Orange,
Lexus,,Teal,
Audi,2008,Purple,3.49
Nissan,1992,Turquoise,
Infiniti,2008,Khaki,39.99
Ford,2005,Red,14.99
,2005,,3.99
Mercury,,Mauv,7.99
,2012,Teal,29.99
Volvo,2000,Green,3.49
,2009,Orange,129.99
Toyota,2009,Red,2.49
Chrysler,2002,Goldenrod,4.99
Ford,2003,,
Acura,2008,,39.99
,1992,Orange,24.99
Honda,2012,Yellow,
Dodge,2003,,2.69
Hyundai,1992,Teal,6.49
Chevrolet,1970,Red,19.99
Mercury,2002,Teal,12.99
Infiniti,2010,Goldenrod,2.49
Audi,1997,Red,3.49
Mercedes-Benz,2006,Mauv,7.99
Hyundai,2008,Teal,5.99
Aptera,2008,,
Lexus,,Purple,
Nissan,,,12.99
Cadillac,1995,Indigo,39.99
Ford,2010,Yellow,79.99
Mercedes-Benz,2003,Crimson,14.99
Mitsubishi,2009,,2.79
,2004,Khaki,19.99
Dodge,1997,Pink,39.99
Spyker,2007,Red,6.49
Toyota,,Mauv,34.99
GMC,2010,Aquamarine,3.99
,2002,Fuscia,
Chevrolet,2012,,7.99
Toyota,1996,Green,59.99
,2003,Red,39.99
Audi,2002,Crimson,5.99
Lamborghini,2008,Fuscia,299.99
Lexus,1991,Teal,
GMC,1999,Green,29.99
Toyota,1994,Blue,299.99
GMC,1994,Puce,2.99
,1992,Puce,49.99
Plymouth,1997,Turquoise,8.99
Infiniti,2006,Blue,69.99
BMW,1995,Pink,34.99
Saab,1997,Teal,
Volvo,2006,Fuscia,3.99
Cadillac,1996,Crimson,2.69
Ford,1997,,
BMW,2001,Mauv,4.49
,1992,Indigo,4.89
Chevrolet,1997,Turquoise,29.99
Volkswagen,1994,Pink,
Honda,2006,Puce,29.99
Aston Martin,2012,Maroon,2.99
Chevrolet,1993,Mauv,
Lincoln,2005,Puce,
Toyota,2004,Purple,19.99
Mercedes-Benz,1987,Crimson,
Ford,2010,Purple,1.99
Mercury,2004,Crimson,1.99
Mercedes-Benz,2001,Blue,5.49
Acura,1992,Teal,34.99
Ford,2006,Teal,14.99
Honda,2012,Orange,39.99
,2005,,
Hyundai,1996,Khaki,89.99
Toyota,2008,,19.99
Hyundai,2012,Teal,5.99
Mazda,1997,Fuscia,
Acura,2006,,4.99
Ford,,,
Mercedes-Benz,2005,Fuscia,7.49
BMW,2001,,69.99
Nissan,2010,Purple,14.99
Mercedes-Benz,1992,Yellow,3.99
Dodge,2004,Red,24.99
Maserati,2011,Blue,9.99
Maserati,1990,Goldenrod,
Suzuki,2002,Green,1.79
Dodge,2007,Maroon,2.49
Chevrolet,2005,Turquoise,
Ford,,Blue,19.99
Cadillac,2004,,5.49
Infiniti,2011,Orange,2.49
Jeep,,Turquoise,2.79
,,Mauv,29.99
Nissan,2010,Maroon,
Lotus,2004,Khaki,69.99
Ferrari,2007,Purple,3.29
Volkswagen,2004,Crimson,34.99
Mitsubishi,1988,Turquoise,
Mercedes-Benz,1990,Puce,49.99
Chevrolet,,Blue,199.99
Chrysler,1998,Aquamarine,4.99
Subaru,,Violet,
Chrysler,2003,Indigo,4.29
Jeep,2004,Red,4.99
Saturn,2009,Indigo,3.99
Lotus,2006,Puce,4.99
BMW,2005,Violet,
Cadillac,2006,Pink,4.49
GMC,1992,,29.99
Chevrolet,2006,Turquoise,1.49
Hyundai,1994,,
Oldsmobile,1995,Mauv,39.99
Chrysler,2009,Orange,29.99
Toyota,2003,Violet,4.29
Ford,1967,Khaki,5.49
Lexus,2007,Green,
Honda,2011,Violet,7.99
Dodge,2012,Purple,39.99
Mitsubishi,2000,Fuscia,49.99
Honda,1999,Pink,199.99
Acura,2006,Puce,99.99
Lincoln,1986,Purple,2.49
Pontiac,1975,,5.49
Chevrolet,1974,Indigo,24.99
Mitsubishi,2003,Crimson,
Dodge,2004,Crimson,0.89
Buick,2004,Purple,
Kia,2011,Mauv,4.49
Toyota,1999,Khaki,12.99
Ford,2001,,5.29
Ford,2012,Puce,
,1998,Indigo,3.99
GMC,2013,Purple,
,2012,Red,39.99
Jeep,1997,Crimson,3.99
Chevrolet,1985,Maroon,
Mitsubishi,1984,Crimson,2.99
Acura,2012,Goldenrod,29.99
GMC,1993,Violet,24.99
Toyota,2003,Orange,
Mazda,2012,Yellow,49.99
Chevrolet,2006,Fuscia,
,1996,Red,49.99
Audi,1990,,
Volvo,2000,Khaki,15.99
Nissan,2007,Green,
Mercedes-Benz,2010,,2.99
Chevrolet,2003,Orange,24.99
Toyota,2003,Fuscia,24.99
Mercedes-Benz,1990,Mauv,
Pontiac,1996,Blue,9.99
Dodge,,Red,12.99
Tesla,2012,Aquamarine,
,2011,Purple,
Saab,1993,Goldenrod,6.99
Ford,1995,Blue,
Maserati,2002,Crimson,39.99
Chevrolet,1996,Aquamarine,2.69
Ford,,Orange,2.69
Honda,1998,,19.99
Dodge,2012,Maroon,89.99
BMW,2005,Goldenrod,
Dodge,2005,,
Mazda,2001,Indigo,9.99
Mercedes-Benz,,Yellow,
Mazda,2001,Maroon,2.99
,2010,Yellow,
,1996,Green,5.49
Toyota,2012,Indigo,9.99
Suzuki,1998,Blue,29.99
Saab,1998,Goldenrod,3.49
,1993,Turquoise,29.99
BMW,1992,Green,12.99
GMC,2013,,59.99
Ford,1989,Maroon,17.99
,2004,,
Chevrolet,2003,Purple,
,2011,Yellow,19.99
,,Violet,2.99
Mazda,1994,Violet,3.29
BMW,2008,Aquamarine,29.99
Volkswagen,1996,Blue,3.99
Audi,1990,Yellow,14.99
Bentley,2010,Pink,79.99
Saturn,,,22.99
Ford,1993,,
Nissan,2011,Puce,12.99
Daewoo,2001,Blue,7.99
,2009,Khaki,
Hyundai,2009,Indigo,
Buick,1992,Turquoise,6.99
Audi,2009,Orange,4.49
Infiniti,2008,Mauv,25.99
Maserati,2005,Maroon,7.99
Dodge,1993,Teal,3.79
Nissan,1998,,3.49
Dodge,1997,Indigo,1.49
Volkswagen,1990,Goldenrod,14.99
Mercedes-Benz,2008,Orange,18.99
Pontiac,1983,Goldenrod,3.99
,1986,Orange,1.79
Ford,2011,Aquamarine,12.99
Mercedes-Benz,1995,Goldenrod,19.99
Mercedes-Benz,,Crimson,89.99
BMW,2011,Green,18.99
,2008,Pink,29.99
BMW,2010,Purple,
Audi,1989,Turquoise,59.99
Hyundai,1999,,2.99
Maserati,2009,Khaki,4.99
,2011,Goldenrod,39.99
Jeep,,Goldenrod,3.79
Mercedes-Benz,2009,,4.29
Kia,2007,Blue,3.29
Plymouth,1999,,29.99
Jaguar,2009,Indigo,49.99
Mercedes-Benz,2000,Crimson,4.89
Cadillac,2012,Goldenrod,49.99
Honda,1994,,5.49
BMW,2012,Orange,19.99
Chevrolet,2007,Red,2.09
Suzuki,1998,Aquamarine,59.99
,2006,Maroon,18.99
Mazda,2002,Pink,
Nissan,2000,Turquoise,49.99
Volkswagen,1997,Turquoise,19.99
Subaru,1992,Red,39.99
Lexus,2012,Green,24.99
GMC,2006,Green,19.99
GMC,1994,,6.99
Smart,2010,Mauv,29.99
Nissan,1995,Purple,59.99
Pontiac,1985,Fuscia,
Ford,1993,Orange,
Mazda,2003,Yellow,29.99
Ford,1985,Turquoise,
GMC,2013,Aquamarine,34.99
Toyota,2009,Green,3.99
Pontiac,1968,Blue,19.99
Lexus,2009,Maroon,
Pontiac,2006,,44.99
Maserati,2008,Red,2.99
Honda,2004,Green,39.99
Ford,1996,,3.29
Chevrolet,2010,Yellow,
Dodge,1998,,4.29
Toyota,1992,Maroon,
Mitsubishi,2008,Goldenrod,
Isuzu,2002,Turquoise,24.99
Chrysler,1994,,3.79
Isuzu,2001,,
,2006,Blue,49.99
Audi,2000,,
BMW,2011,Mauv,49.99
,2001,Fuscia,
Land Rover,2003,,5.99
Ford,1993,Crimson,3.99
Buick,1992,Pink,
Dodge,2000,Blue,59.99
Mercury,2004,Red,4.79
Mitsubishi,1985,Purple,299.99
Mitsubishi,1988,,2.49
Cadillac,2009,Goldenrod,1.99
GMC,2011,Turquoise,1.99
Pontiac,1999,Maroon,44.99
Scion,2012,Purple,24.99
BMW,2005,Turquoise,5.49
,2010,Green,3.99
Chrysler,2001,Indigo,49.99
Ford,1993,Pink,
Toyota,2000,Orange,1.79
Land Rover,2001,Teal,19.99
Mitsubishi,1989,Teal,
,1994,Aquamarine,39.99
Pontiac,1990,Pink,2.39
,2013,Red,
Hyundai,2005,,5.49
,1999,Goldenrod,18.99
Volkswagen,2000,Aquamarine,3.99
Audi,2012,Aquamarine,3.29
Honda,2001,Crimson,
Chevrolet,1996,Red,54.99
Pontiac,1992,Pink,3.99
Honda,2004,Fuscia,3.99
Jaguar,2009,Puce,5.49
Ford,1994,Red,4.49
Pontiac,1986,Yellow,4.99
,,Orange,2.99
Toyota,2006,Aquamarine,
,2001,Goldenrod,
GMC,2011,Orange,24.99
Volkswagen,2002,Goldenrod,
Chevrolet,2002,Turquoise,3.99
Chevrolet,1995,Red,
Mitsubishi,1992,,19.99
Toyota,2012,Aquamarine,
Toyota,2001,Blue,7.99
Toyota,1998,Yellow,
Oldsmobile,,Puce,29.99
,2009,Teal,14.99
Lincoln,2011,Violet,1.99
Lexus,2009,Goldenrod,1.99
Chevrolet,2000,Khaki,
,1992,Aquamarine,
,2006,Violet,5.49
Lotus,2008,Blue,34.99
Chrysler,2001,,9.99
Buick,2002,Green,39.99
Honda,,Indigo,
Dodge,1999,,10.99
Mercedes-Benz,2009,Maroon,24.99
Suzuki,2010,Red,34.99
Pontiac,1996,,2.89
Audi,2010,Fuscia,3.49
Mitsubishi,1987,Green,59.99
BMW,,,3.89
Chevrolet,1996,Teal,19.99
Audi,2001,Green,4.99
Subaru,2000,Aquamarine,34.99
Ford,2001,Yellow,
Subaru,1987,Teal,3.29
Acura,2003,Yellow,129.99
Toyota,2007,Khaki,39.99
Audi,2008,Green,4.99
Mercury,1985,Teal,59.99
GMC,2010,Fuscia,
,1995,Violet,3.59
Lexus,1993,Yellow,12.99
Buick,2001,,
Honda,1985,Maroon,
Acura,1990,Indigo,3.99
Saturn,2009,Yellow,29.99
Mitsubishi,2012,Violet,6.99
Dodge,2002,Mauv,0.99
Suzuki,1987,Khaki,22.99
Buick,1996,Pink,29.99
Mazda,1995,,2.19
Dodge,1998,Crimson,8.99
Ford,1990,Orange,
Hyundai,2010,Goldenrod,14.99
Mazda,2009,Fuscia,34.99
Volkswagen,1999,Turquoise,49.99
Acura,2004,Fuscia,
,2009,Yellow,1.99
Mazda,1990,,129.99
Honda,2003,Mauv,2.49
Mitsubishi,1986,Green,34.99
Chrysler,2004,Puce,
Chevrolet,1997,,
Ford,1997,Turquoise,199.99
BMW,2004,Orange,12.99
GMC,2001,,24.99
,1995,Turquoise,199.99
Nissan,1994,Pink,2.99
Ford,2013,Khaki,4.19
Buick,1995,Red,2.79
Mercedes-Benz,2009,Blue,29.99
Mercury,1996,Green,4.29
Ford,1987,Puce,
Toyota,2005,Violet,3.49
Mitsubishi,1989,Goldenrod,59.99
Chevrolet,1997,Puce,19.99
,1995,Puce,3.99
Dodge,2005,Teal,2.49
Honda,1997,,6.99
,1994,Violet,129.99
Plymouth,,Aquamarine,4.49
Rolls-Royce,2012,,59.99
Mitsubishi,1987,Violet,5.49
Volkswagen,2004,,5.99
Infiniti,2009,Turquoise,34.99
Acura,1994,Pink,29.99
GMC,2009,Green,5.89
Lincoln,2007,Violet,4.29
Porsche,1993,Crimson,2.99
Mitsubishi,1994,Red,
Chevrolet,1998,Pink,79.99
Infiniti,2007,Aquamarine,4.99
Ford,2010,Puce,12.99
Mercedes-Benz,2010,,4.29
Isuzu,1998,,2.49
,1992,Orange,2.99
Lincoln,2007,,2.99
Hyundai,2009,Pink,
Kia,2008,Yellow,
Dodge,2004,Goldenrod,39.99
Suzuki,1997,Green,3.99
Ford,2000,Indigo,5.89
Mitsubishi,1993,Green,1.79
Infiniti,2011,Orange,6.29
Mazda,1995,,19.99
Ford,1994,Blue,1.69
Audi,1995,Aquamarine,6.49
Acura,2012,Yellow,54.99
Acura,1993,Teal,9.99
Ford,1986,Turquoise,3.49
Mitsubishi,1993,Mauv,3.99
Pontiac,,Indigo,1.99
Mitsubishi,1990,Violet,15.99
Honda,,,
Morgan,2009,,7.99
Volkswagen,1999,Goldenrod,34.99
,2007,Red,19.99
,2002,Crimson,
Lotus,2008,Indigo,
Mercury,,Khaki,
BMW,2004,Mauv,12.99
,2009,,9.99
Aston Martin,2007,Crimson,12.99
BMW,2007,Mauv,2.49
Mitsubishi,2008,Orange,0.75
Lincoln,,Blue,199.99
Toyota,1996,,14.99
Chevrolet,1995,Pink,2.29
,1997,Violet,
Mazda,1992,Blue,2.29
Acura,1993,Khaki,
Audi,1994,Crimson,2.49
Cadillac,1992,Pink,49.99
Infiniti,2001,,5.29
Infiniti,2011,Puce,39.99
Audi,2011,Yellow,
,2000,Crimson,3.29
Land Rover,1994,Aquamarine,4.29
Audi,2002,Violet,49.99
Ford,1995,Red,
Ford,2003,Blue,3.29
BMW,2009,Teal,12.99
,1992,Red,
GMC,2007,Maroon,34.99
Mitsubishi,2003,,149.99
Mitsubishi,1984,Pink,2.49
Kia,2008,Aquamarine,6.49
Cadillac,1994,Fuscia,3.49
Toyota,2012,,45.99
Chevrolet,1995,Goldenrod,2.99
Mazda,2007,Turquoise,
,2005,Fuscia,39.99
Volkswagen,2000,Fuscia,3.29
,2012,Red,4.49
Pontiac,1965,,34.99
Chevrolet,1992,Mauv,49.99
Saturn,,Indigo,22.99
Subaru,1989,Orange,2.99
,1997,Fuscia,3.49
Honda,2002,Goldenrod,49.99
Dodge,2008,Green,
,2008,Yellow,34.99
Mazda,1992,Orange,12.99
Nissan,2011,,
Pontiac,1986,Yellow,5.79
Cadillac,2011,Crimson,3.59
Mazda,2010,Teal,4.29
Ford,1999,Aquamarine,2.49
Hummer,2004,Indigo,12.99
Saab,1992,Blue,49.99
Mercedes-Benz,1986,Turquoise,1.99
Volvo,2013,Turquoise,59.99
Cadillac,2011,Purple,2.99
Suzuki,2002,,1.99
Kia,2013,Khaki,35
Chevrolet,,Violet,
Land Rover,2006,Purple,34.99
Kia,,Green,
Nissan,2008,Aquamarine,
Toyota,2007,,49.99
Acura,2012,,
GMC,2002,Puce,3.79
Cadillac,2009,Maroon,19.99
Honda,2008,,29.99
,2008,Goldenrod,12.99
Buick,1991,Indigo,6.49
Chrysler,2007,Indigo,29.99
Ford,,Indigo,39.99
Subaru,2009,Aquamarine,
Lexus,2008,Indigo,49.99
Audi,1997,Puce,15.99
Scion,2013,Red,20.99
Mitsubishi,1995,Maroon,54.99
Volkswagen,,Teal,4.29
Isuzu,2006,Purple,
Hyundai,2009,,29.99
Nissan,2006,Teal,
BMW,2010,Crimson,15.99
Honda,1986,Khaki,2.79
Mazda,1993,Yellow,39.99
GMC,2003,Indigo,3.29
Maserati,1989,Maroon,249.99
Mercury,1999,Indigo,3.49
GMC,2010,Teal,1.79
Infiniti,1992,Red,19.99
,1993,Yellow,29.99
Dodge,,Fuscia,
Isuzu,1998,Puce,24.99
Ferrari,2007,Maroon,
Ford,1984,Maroon,79.99
Porsche,1983,Indigo,22.99
Volkswagen,2007,,1.29
Toyota,2009,Yellow,20.99
Chrysler,1999,Blue,199.99
Pontiac,2009,Fuscia,
Hummer,2002,Orange,1.99
GMC,1998,Turquoise,
Mazda,2003,Purple,
,2008,Puce,39.99
Pontiac,2002,Yellow,
Volvo,2007,,22.99
,,Fuscia,29.99
Chevrolet,1993,Maroon,19.99
Ford,2013,Crimson,3.49
Volkswagen,1999,Pink,
Subaru,1999,Violet,29.99
GMC,1996,Aquamarine,49.99
Dodge,2007,Indigo,19.99
Toyota,1996,Crimson,18.99
Chevrolet,2003,Khaki,
Kia,2010,Goldenrod,1.29
Lexus,2007,,49.95
Ferrari,2010,Pink,2.49
Chevrolet,1998,Aquamarine,
Suzuki,2005,Goldenrod,2.49
Lexus,1996,Fuscia,12.99
Cadillac,2003,Indigo,
Jeep,2012,Purple,12.99
Kia,1994,Violet,
,2005,Red,
Acura,2006,Yellow,39.99
Hyundai,1996,,5.99
Nissan,1996,,19.99
GMC,1996,Khaki,15.99
Ferrari,2009,Orange,
Toyota,2003,Red,29.99
Mitsubishi,1990,Aquamarine,24.99
Ford,2011,Khaki,
,1993,,
,2009,Indigo,7.49
Audi,1993,Aquamarine,
Acura,2002,Indigo,3.49
,2006,,24.99
Mitsubishi,1984,Pink,149.99
Pontiac,1967,Violet,
Suzuki,1991,Pink,3.49
Dodge,2006,Red,1.29
Buick,2002,Blue,89.99
,2013,,
Dodge,,Goldenrod,169.99
Hyundai,2008,Purple,59.99
Porsche,1989,Goldenrod,4.99
Dodge,2010,Mauv,29.99
,1989,Fuscia,79.99
Chrysler,1996,,
Lexus,2013,,4.99
Chevrolet,2011,Goldenrod,
Cadillac,1999,Aquamarine,2.49
,2009,Blue,2.99
Volkswagen,1993,,3.29
Buick,1994,Maroon,5.99
Isuzu,1999,Green,6.99
Mitsubishi,1996,Blue,
Chevrolet,1996,Yellow,14.99
Pontiac,2006,Orange,12.99
Audi,2010,Purple,29.99
Dodge,2000,Violet,
Pontiac,1989,Violet,19.99
,2000,,2.99
Subaru,1994,Violet,359.99
Chevrolet,1997,Indigo,1.29
Mercedes-Benz,2009,Teal,
Buick,1994,Mauv,4.99
Mercedes-Benz,2004,,2.59
Mazda,2011,,39.99
Subaru,1996,Blue,129.99
Volkswagen,2012,Turquoise,2.79
Volkswagen,2013,Orange,3.99
Jeep,2002,Puce,15.99
,2013,Aquamarine,39.99
GMC,1996,,
Volkswagen,1994,Crimson,2.99
Honda,1994,Orange,
Smart,2012,Aquamarine,109.99
GMC,2009,,
Land Rover,2002,Blue,3.99
,2006,Red,49.99
,1992,Puce,3.99
Hyundai,2009,Aquamarine,29.99
Lamborghini,,,299.99
Honda,2000,,14.99
Pontiac,1987,Puce,
Ford,2005,Violet,45.99
Plymouth,1992,Aquamarine,44.99
Lamborghini,1989,Indigo,
Porsche,2004,Turquoise,2.99
Audi,1992,Purple,15.99
Chevrolet,2012,Goldenrod,22.99
,2004,Mauv,
Maybach,2005,Khaki,129.99
GMC,1997,Turquoise,8.99
Mazda,2005,,
Oldsmobile,1998,Maroon,29.99
Audi,1986,Crimson,4.99
Pontiac,1997,Teal,39.99
Audi,2009,Mauv,3.49
,1992,,39.99
Pontiac,1984,Violet,3.49
Suzuki,2002,Goldenrod,3.99
Dodge,2006,,39.99
,2006,Purple,
Mercedes-Benz,2009,Mauv,3.59
Bentley,2010,,8.99
Chevrolet,2007,Puce,2.29
GMC,2011,Crimson,
Suzuki,1996,Yellow,15.99
BMW,,Yellow,22.99
Oldsmobile,2000,Violet,
Mercury,1998,Indigo,24.99
Lincoln,1988,Pink,14.99
Chrysler,1998,Purple,899.99
Mercedes-Benz,2012,Pink,49.99
,2002,Goldenrod,29.99
Mitsubishi,1994,Yellow,10.99
Oldsmobile,1998,Teal,4.99
BMW,2003,Yellow,2.29
Mazda,1988,Purple,79.99
Land Rover,2002,Crimson,5.49
Buick,,Crimson,
,1990,Maroon,79.99
Mercedes-Benz,,Red,79.99
Chevrolet,1993,Goldenrod,3.49
Ford,1986,Crimson,4.99
Hyundai,1993,Violet,6.99
Mitsubishi,1985,Red,19.99
Cadillac,2007,Purple,
Lincoln,1986,Pink,
Maserati,1987,Purple,39.99
,2000,Teal,
Mazda,1993,Fuscia,2.49
,2002,Aquamarine,4.99
Ford,1996,Fuscia,7.99
Chevrolet,1992,Fuscia,39.99
Pontiac,1985,Teal,7.99
Dodge,2005,Orange,4.99
Chrysler,2005,Red,
Hyundai,2002,Pink,
Ferrari,2010,Violet,39.99
Suzuki,1990,Purple,2.99
,1997,,18.99
Cadillac,1999,Turquoise,
Land Rover,2012,Orange,199.99
Dodge,2006,Pink,9.99
Mitsubishi,2008,Turquoise,8.49
Subaru,2009,Purple,39.99
Hyundai,1999,Puce,59.99
Nissan,1993,Blue,4.79
Lotus,2008,,18.99
Holden,1995,Blue,
BMW,2006,Green,59.99
Nissan,1996,Indigo,24.99
Chevrolet,1992,Teal,59.99
Lexus,2000,Crimson,19.99
Kia,2010,Orange,
Lincoln,1994,Red,
BMW,2002,Goldenrod,29.99
Land Rover,2011,Maroon,39.99
Ford,2008,Turquoise,34.99
,1988,Puce,49.99
,1997,Goldenrod,
Audi,2006,Mauv,4.19
Suzuki,2010,Blue,3.39
Mitsubishi,2002,,24.99
Mitsubishi,1986,Aquamarine,9.99
,2008,,12.99
Acura,2003,Maroon,69.99
Dodge,2012,Violet,89.99
Cadillac,2006,Mauv,2.29
Chevrolet,2001,Puce,19.99
GMC,2000,Goldenrod,5.49
Chevrolet,1994,Fuscia,
,2010,Turquoise,
Isuzu,2001,Maroon,19.99
CitroÃ«n,1974,Turquoise,2.49
Pontiac,1996,Puce,39.99
Volkswagen,1988,Aquamarine,3.49
,1985,Orange,45.99
Nissan,2009,,9.99
Ford,1995,Pink,24.99
